IP Address,User Agent,Endpoint,Timestamp
127.0.0.1,"Mozilla/5.0 (Windows NT 10.0; Win64; x64) AppleWebKit/537.36 (KHTML, like Gecko) Chrome/135.0.0.0 Safari/537.36",/,2025-04-06 19:48:13
127.0.0.1,Mozilla/5.0 (Linux; Android 11),/products,2025-04-06 20:03:29
127.0.0.1,Mozilla/5.0 (Windows NT 10.0; Win64; x64),/cart,2025-04-06 20:03:30
127.0.0.1,curl/7.68.0,/signup,2025-04-06 20:03:31
127.0.0.1,Mozilla/5.0 (Linux; Android 11),/signup,2025-04-06 20:03:33
127.0.0.1,Mozilla/5.0 (Windows NT 10.0; Win64; x64),/products,2025-04-06 20:03:33
127.0.0.1,Python-urllib/3.9,/,2025-04-06 20:03:34
127.0.0.1,Mozilla/5.0 (iPhone; CPU iPhone OS 14_0),/signup,2025-04-06 20:03:36
127.0.0.1,Python-urllib/3.9,/products,2025-04-06 20:03:38
127.0.0.1,Mozilla/5.0 (Linux; Android 11),/products,2025-04-06 20:03:38
127.0.0.1,Mozilla/5.0 (iPhone; CPU iPhone OS 14_0),/,2025-04-06 20:03:40
127.0.0.1,curl/7.68.0,/products,2025-04-06 20:03:41
127.0.0.1,curl/7.68.0,/cart,2025-04-06 20:03:42
127.0.0.1,curl/7.68.0,/signup,2025-04-06 20:03:44
127.0.0.1,Python-urllib/3.9,/signup,2025-04-06 20:03:45
127.0.0.1,Python-urllib/3.9,/signup,2025-04-06 20:03:47
127.0.0.1,Mozilla/5.0 (iPhone; CPU iPhone OS 14_0),/products,2025-04-06 20:03:49
127.0.0.1,Mozilla/5.0 (iPhone; CPU iPhone OS 14_0),/products,2025-04-06 20:03:50
127.0.0.1,Mozilla/5.0 (Linux; Android 11),/signup,2025-04-06 20:03:51
127.0.0.1,Mozilla/5.0 (Linux; Android 11),/products,2025-04-06 20:03:52
127.0.0.1,Mozilla/5.0 (Windows NT 10.0; Win64; x64),/cart,2025-04-06 20:03:54
127.0.0.1,"Mozilla/5.0 (Windows NT 10.0; Win64; x64) AppleWebKit/537.36 (KHTML, like Gecko) Chrome/135.0.0.0 Safari/537.36",/,2025-04-06 20:04:52
127.0.0.1,"Mozilla/5.0 (Windows NT 10.0; Win64; x64) AppleWebKit/537.36 (KHTML, like Gecko) Chrome/135.0.0.0 Safari/537.36",/,2025-04-06 20:04:55
127.0.0.1,"Mozilla/5.0 (Windows NT 10.0; Win64; x64) AppleWebKit/537.36 (KHTML, like Gecko) Chrome/135.0.0.0 Safari/537.36",/products,2025-04-06 20:04:58
127.0.0.1,"Mozilla/5.0 (Windows NT 10.0; Win64; x64) AppleWebKit/537.36 (KHTML, like Gecko) Chrome/135.0.0.0 Safari/537.36",/,2025-04-06 20:05:02
127.0.0.1,"Mozilla/5.0 (Windows NT 10.0; Win64; x64) AppleWebKit/537.36 (KHTML, like Gecko) Chrome/135.0.0.0 Safari/537.36",/cart,2025-04-06 20:05:05
127.0.0.1,"Mozilla/5.0 (Windows NT 10.0; Win64; x64) AppleWebKit/537.36 (KHTML, like Gecko) Chrome/135.0.0.0 Safari/537.36",/,2025-04-06 20:05:09
127.0.0.1,"Mozilla/5.0 (Windows NT 10.0; Win64; x64) AppleWebKit/537.36 (KHTML, like Gecko) Chrome/135.0.0.0 Safari/537.36",/signup,2025-04-06 20:05:10
127.0.0.1,"Mozilla/5.0 (Windows NT 10.0; Win64; x64) AppleWebKit/537.36 (KHTML, like Gecko) Chrome/135.0.0.0 Safari/537.36",/signup,2025-04-06 20:05:40
127.0.0.1,"Mozilla/5.0 (Windows NT 10.0; Win64; x64) AppleWebKit/537.36 (KHTML, like Gecko) Chrome/135.0.0.0 Safari/537.36",/,2025-04-06 20:05:46
127.0.0.1,"Mozilla/5.0 (Windows NT 10.0; Win64; x64) AppleWebKit/537.36 (KHTML, like Gecko) Chrome/135.0.0.0 Safari/537.36",/products,2025-04-06 20:05:47
127.0.0.1,"Mozilla/5.0 (Windows NT 10.0; Win64; x64) AppleWebKit/537.36 (KHTML, like Gecko) Chrome/135.0.0.0 Safari/537.36",/,2025-04-06 20:05:50
127.0.0.1,"Mozilla/5.0 (Windows NT 10.0; Win64; x64) AppleWebKit/537.36 (KHTML, like Gecko) Chrome/135.0.0.0 Safari/537.36",/,2025-04-07 08:07:41
127.0.0.1,Mozilla/5.0 (Linux; Android 11),/,2025-04-07 08:08:11
127.0.0.1,curl/7.68.0,/signup,2025-04-07 08:08:12
127.0.0.1,Mozilla/5.0 (iPhone; CPU iPhone OS 14_0),/,2025-04-07 08:08:14
127.0.0.1,curl/7.68.0,/products,2025-04-07 08:08:15
127.0.0.1,Mozilla/5.0 (iPhone; CPU iPhone OS 14_0),/,2025-04-07 08:08:15
127.0.0.1,Mozilla/5.0 (iPhone; CPU iPhone OS 14_0),/products,2025-04-07 08:08:17
127.0.0.1,Python-urllib/3.9,/,2025-04-07 08:08:18
127.0.0.1,Mozilla/5.0 (iPhone; CPU iPhone OS 14_0),/,2025-04-07 08:08:19
127.0.0.1,Mozilla/5.0 (Linux; Android 11),/,2025-04-07 08:08:20
127.0.0.1,curl/7.68.0,/signup,2025-04-07 08:08:21
127.0.0.1,Mozilla/5.0 (Windows NT 10.0; Win64; x64),/signup,2025-04-07 08:08:22
127.0.0.1,curl/7.68.0,/products,2025-04-07 08:08:24
127.0.0.1,Mozilla/5.0 (Linux; Android 11),/products,2025-04-07 08:08:25
127.0.0.1,curl/7.68.0,/cart,2025-04-07 08:08:26
127.0.0.1,Python-urllib/3.9,/products,2025-04-07 08:08:27
127.0.0.1,Python-urllib/3.9,/products,2025-04-07 08:08:29
127.0.0.1,Python-urllib/3.9,/signup,2025-04-07 08:08:30
127.0.0.1,Python-urllib/3.9,/,2025-04-07 08:08:32
127.0.0.1,curl/7.68.0,/products,2025-04-07 08:08:32
127.0.0.1,Mozilla/5.0 (iPhone; CPU iPhone OS 14_0),/,2025-04-07 08:08:33
127.0.0.1,"Mozilla/5.0 (Windows NT 10.0; Win64; x64) AppleWebKit/537.36 (KHTML, like Gecko) Chrome/135.0.0.0 Safari/537.36",/,2025-04-07 08:09:18
127.0.0.1,"Mozilla/5.0 (Windows NT 10.0; Win64; x64) AppleWebKit/537.36 (KHTML, like Gecko) Chrome/135.0.0.0 Safari/537.36",/,2025-04-07 08:09:20
127.0.0.1,"Mozilla/5.0 (Windows NT 10.0; Win64; x64) AppleWebKit/537.36 (KHTML, like Gecko) Chrome/135.0.0.0 Safari/537.36",/products,2025-04-07 08:09:22
127.0.0.1,"Mozilla/5.0 (Windows NT 10.0; Win64; x64) AppleWebKit/537.36 (KHTML, like Gecko) Chrome/135.0.0.0 Safari/537.36",/cart,2025-04-07 08:09:30
127.0.0.1,"Mozilla/5.0 (Windows NT 10.0; Win64; x64) AppleWebKit/537.36 (KHTML, like Gecko) Chrome/135.0.0.0 Safari/537.36",/signup,2025-04-07 08:09:34
127.0.0.1,Mozilla/5.0 (Windows NT 10.0; Win64; x64),/products,2025-04-07 08:42:54
127.0.0.1,Mozilla/5.0 (Linux; Android 11),/,2025-04-07 08:42:55
127.0.0.1,Mozilla/5.0 (Linux; Android 11),/products,2025-04-07 08:42:56
127.0.0.1,curl/7.68.0,/signup,2025-04-07 08:42:58
127.0.0.1,Mozilla/5.0 (Windows NT 10.0; Win64; x64),/cart,2025-04-07 08:42:59
127.0.0.1,Mozilla/5.0 (Linux; Android 11),/,2025-04-07 08:43:01
127.0.0.1,Mozilla/5.0 (Windows NT 10.0; Win64; x64),/,2025-04-07 08:43:02
127.0.0.1,Python-urllib/3.9,/products,2025-04-07 08:43:03
127.0.0.1,Mozilla/5.0 (iPhone; CPU iPhone OS 14_0),/cart,2025-04-07 08:43:04
127.0.0.1,Mozilla/5.0 (iPhone; CPU iPhone OS 14_0),/products,2025-04-07 08:43:06
127.0.0.1,curl/7.68.0,/cart,2025-04-07 08:43:08
127.0.0.1,Mozilla/5.0 (iPhone; CPU iPhone OS 14_0),/signup,2025-04-07 08:43:08
127.0.0.1,Mozilla/5.0 (Linux; Android 11),/cart,2025-04-07 08:43:10
127.0.0.1,Mozilla/5.0 (Windows NT 10.0; Win64; x64),/signup,2025-04-07 08:43:11
127.0.0.1,Python-urllib/3.9,/,2025-04-07 08:43:13
127.0.0.1,curl/7.68.0,/signup,2025-04-07 08:43:14
127.0.0.1,Mozilla/5.0 (Windows NT 10.0; Win64; x64),/signup,2025-04-07 08:43:15
127.0.0.1,Python-urllib/3.9,/products,2025-04-07 08:43:16
127.0.0.1,"Mozilla/5.0 (Windows NT 10.0; Win64; x64) AppleWebKit/537.36 (KHTML, like Gecko) Chrome/135.0.0.0 Safari/537.36",/,2025-04-07 08:43:48
127.0.0.1,"Mozilla/5.0 (Windows NT 10.0; Win64; x64) AppleWebKit/537.36 (KHTML, like Gecko) Chrome/135.0.0.0 Safari/537.36",/products,2025-04-07 08:43:50
127.0.0.1,"Mozilla/5.0 (Windows NT 10.0; Win64; x64) AppleWebKit/537.36 (KHTML, like Gecko) Chrome/135.0.0.0 Safari/537.36",/signup,2025-04-07 08:43:54
127.0.0.1,"Mozilla/5.0 (Windows NT 10.0; Win64; x64) AppleWebKit/537.36 (KHTML, like Gecko) Chrome/135.0.0.0 Safari/537.36",/cart,2025-04-07 08:43:57
127.0.0.1,"Mozilla/5.0 (Windows NT 10.0; Win64; x64) AppleWebKit/537.36 (KHTML, like Gecko) Chrome/135.0.0.0 Safari/537.36",/signup,2025-04-07 08:44:00
127.0.0.1,"Mozilla/5.0 (Windows NT 10.0; Win64; x64) AppleWebKit/537.36 (KHTML, like Gecko) Chrome/135.0.0.0 Safari/537.36",/cart,2025-04-07 08:44:03
127.0.0.1,"Mozilla/5.0 (Windows NT 10.0; Win64; x64) AppleWebKit/537.36 (KHTML, like Gecko) Chrome/135.0.0.0 Safari/537.36",/cart,2025-04-07 08:44:05
127.0.0.1,"Mozilla/5.0 (Windows NT 10.0; Win64; x64) AppleWebKit/537.36 (KHTML, like Gecko) Chrome/135.0.0.0 Safari/537.36",/cart,2025-04-07 08:44:08
127.0.0.1,"Mozilla/5.0 (Windows NT 10.0; Win64; x64) AppleWebKit/537.36 (KHTML, like Gecko) Chrome/135.0.0.0 Safari/537.36",/,2025-04-07 08:44:09
127.0.0.1,"Mozilla/5.0 (Windows NT 10.0; Win64; x64) AppleWebKit/537.36 (KHTML, like Gecko) Chrome/135.0.0.0 Safari/537.36",/cart,2025-04-07 08:44:10
127.0.0.1,"Mozilla/5.0 (Windows NT 10.0; Win64; x64) AppleWebKit/537.36 (KHTML, like Gecko) Chrome/135.0.0.0 Safari/537.36",/,2025-04-07 08:44:11
127.0.0.1,"Mozilla/5.0 (Windows NT 10.0; Win64; x64) AppleWebKit/537.36 (KHTML, like Gecko) Chrome/135.0.0.0 Safari/537.36",/cart,2025-04-07 08:44:12
127.0.0.1,"Mozilla/5.0 (Windows NT 10.0; Win64; x64) AppleWebKit/537.36 (KHTML, like Gecko) Chrome/135.0.0.0 Safari/537.36",/,2025-04-07 08:44:13
127.0.0.1,Mozilla/5.0 (iPhone; CPU iPhone OS 14_0),/signup,2025-04-07 08:44:44
127.0.0.1,Python-urllib/3.9,/signup,2025-04-07 08:44:44
127.0.0.1,Mozilla/5.0 (Windows NT 10.0; Win64; x64),/cart,2025-04-07 08:44:46
127.0.0.1,Mozilla/5.0 (Linux; Android 11),/products,2025-04-07 08:44:48
127.0.0.1,Mozilla/5.0 (iPhone; CPU iPhone OS 14_0),/signup,2025-04-07 08:44:49
127.0.0.1,Python-urllib/3.9,/cart,2025-04-07 08:44:51
127.0.0.1,Python-urllib/3.9,/signup,2025-04-07 08:44:52
127.0.0.1,curl/7.68.0,/,2025-04-07 08:44:53
127.0.0.1,Mozilla/5.0 (Windows NT 10.0; Win64; x64),/products,2025-04-07 08:44:55
127.0.0.1,Python-urllib/3.9,/cart,2025-04-07 08:44:57
127.0.0.1,Mozilla/5.0 (iPhone; CPU iPhone OS 14_0),/signup,2025-04-07 08:44:58
127.0.0.1,Mozilla/5.0 (Linux; Android 11),/,2025-04-07 08:44:59
127.0.0.1,Mozilla/5.0 (iPhone; CPU iPhone OS 14_0),/cart,2025-04-07 08:45:01
127.0.0.1,Mozilla/5.0 (Linux; Android 11),/,2025-04-07 08:45:01
127.0.0.1,Mozilla/5.0 (Windows NT 10.0; Win64; x64),/cart,2025-04-07 08:45:02
127.0.0.1,Mozilla/5.0 (Windows NT 10.0; Win64; x64),/cart,2025-04-07 08:45:04
127.0.0.1,Mozilla/5.0 (Windows NT 10.0; Win64; x64),/cart,2025-04-07 08:45:05
127.0.0.1,Python-urllib/3.9,/cart,2025-04-07 08:45:05
127.0.0.1,Python-urllib/3.9,/,2025-04-07 08:45:07
127.0.0.1,Mozilla/5.0 (Windows NT 10.0; Win64; x64),/,2025-04-07 08:45:08
